{
  "point": {
    "iso_forest": {
      "precision": 0.03554796572773964,
      "recall": 0.6954434282589588,
      "f1": 0.06432113786553367,
      "affi precision": 0.35358132896076794,
      "affi recall": 0.6999938320305935,
      "affi f1": 0.4697766139989629
    },
    "threshold": {
      "precision": 0.025950906034542382,
      "recall": 0.03174882552604119,
      "f1": 0.024342791827432868,
      "affi precision": 0.3469787175879524,
      "affi recall": 0.6790947296180453,
      "affi f1": 0.45920882982328826
    },
    "lafr_ours": {
      "precision": 0.13191262509128837,
      "recall": 0.46774369424513906,
      "f1": 0.1903641370145736,
      "affi precision": 0.46835297043337554,
      "affi recall": 0.6859776770093463,
      "affi f1": 0.5553795345573924
    },
    "lafr_train_affi_f1": 0.5946980093789426
  },
  "range": {
    "iso_forest": {
      "precision": 0.17596094332310436,
      "recall": 0.7665977961432506,
      "f1": 0.2676506594015971,
      "affi precision": 0.464221696820293,
      "affi recall": 0.7666662369361936,
      "affi f1": 0.5762918623195618
    },
    "threshold": {
      "precision": 0.36854166666666666,
      "recall": 0.5622208788003589,
      "f1": 0.38993749429455343,
      "affi precision": 0.5613796716462303,
      "affi recall": 0.7656046976775587,
      "affi f1": 0.6438716152964891
    },
    "lafr_ours": {
      "precision": 0.6751388888888888,
      "recall": 0.47901405875236214,
      "f1": 0.5167705183530431,
      "affi precision": 0.7976402958726652,
      "affi recall": 0.7215014730776691,
      "affi f1": 0.7451367411844315
    },
    "lafr_train_affi_f1": 0.7998105870838296
  },
  "trend": {
    "iso_forest": {
      "precision": 0.09369294182916037,
      "recall": 0.22945429992257485,
      "f1": 0.1251874088639787,
      "affi precision": 0.22389931322591392,
      "affi recall": 0.406285488040205,
      "affi f1": 0.28807547585871135
    },
    "threshold": {
      "precision": 0.06729166666666667,
      "recall": 0.01842178689877371,
      "f1": 0.02787377077166707,
      "affi precision": 0.18705937500000006,
      "affi recall": 0.3588452999271717,
      "affi f1": 0.24561984867163866
    },
    "lafr_ours": {
      "precision": 0.09283897647052924,
      "recall": 0.10480623292744871,
      "f1": 0.09418965724465284,
      "affi precision": 0.23105356336770913,
      "affi recall": 0.39652925393388283,
      "affi f1": 0.29074424991505604
    },
    "lafr_train_affi_f1": 0.27526424327020116
  },
  "freq": {
    "iso_forest": {
      "precision": 0.03324166666666666,
      "recall": 0.9333333333333333,
      "f1": 0.06314468435248752,
      "affi precision": 0.4688826852293477,
      "affi recall": 0.9333333333333333,
      "affi f1": 0.6241788868947585
    },
    "threshold": {
      "precision": 0.03063505805506539,
      "recall": 0.05287074329604718,
      "f1": 0.03429369486288858,
      "affi precision": 0.4656063971005043,
      "affi recall": 0.8981576383159624,
      "affi f1": 0.6129595229589846
    },
    "lafr_ours": {
      "precision": 0.1673302649162786,
      "recall": 0.6390319260063015,
      "f1": 0.25334186722583013,
      "affi precision": 0.6357072139872006,
      "affi recall": 0.8972464097974622,
      "affi f1": 0.7411287588742079
    },
    "lafr_train_affi_f1": 0.6851660818254196
  }
}